account_id,customer_id,branch_id,account_type,open_date,close_date,currency,balance,account_status
A00001,C0058,BR001,Fixed Deposit,2020-06-15,,USD,20360.28,Dormant
A00002,C0059,BR001,Fixed Deposit,2019-07-01,2025-12-31,INR,474770.0,ACTIVE
A00003,C9999,BR999,savings,2022-10-14,2025-12-31,INR,370546.0,ACTIVE
A00004,C0029,BR003,Current,2025-02-24,,USD,311507.96,Closed
A00005,C0029,BR001,Salary,2020-08-18,,INR,156453.33,Active
A00006,C0009,BR002,Current,2022-04-18,,INR,27435.57,ACTIVE
A00007,C0022,BR005,Fixed Deposit,2022-08-31,,INR,415610.04,ACTIVE
A00008,C0058,BR005,Savings,2024-06-16,2025-12-31,USD,-2022.48,Closed
A00009,C0020,BR004,Fixed Deposit,2024-01-14,,USD,,ACTIVE
A00010,C0032,BR001,Fixed Deposit,2021-10-08,2025-12-31,INR,419455.36,Dormant
A00011,C0040,BR005,Savings,2022-06-02,,INR,319588.57,Dormant
A00012,C0056,BR004,Current,2018-07-25,,USD,160313.1,ACTIVE
A00013,C0021,BR003,Fixed Deposit,2021-02-13,2025-12-31,INR,416630.01,ACTIVE
A00014,C0002,BR999,savings,31/13/2022,,INR,323322.77,Active
A00015,C0049,BR001,Current,2020-03-27,,INR,115465.2,ACTIVE
A00016,C0043,BR001,savings,2020-06-11,2025-12-31,INR,382283.54,Dormant
A00017,C0039,BR005,Savings,2019-11-02,,INR,287235.79,Closed
A00018,C0037,BR999,Fixed Deposit,2022-06-13,,INR,294009.42,Dormant
A00019,C0007,BR999,Salary,2025-09-03,,INR,170337.9,ACTIVE
A00020,C0043,BR003,Savings,2023-09-04,,INR,424035.69,ACTIVE
A00021,C0007,BR004,Salary,2025-02-16,2025-12-31,INR,214921.01,Closed
A00022,C0040,BR005,Fixed Deposit,2023-03-20,2025-12-31,INR,157763.81,Dormant
A00023,C0054,BR001,,2023-01-21,,USD,282774.07,ACTIVE
A00024,C0022,BR001,Fixed Deposit,2021-08-24,,USD,102120.52,Closed
A00025,C0022,BR003,savings,2025-11-12,,INR,255896.76,Dormant
A00026,C0006,BR002,Fixed Deposit,2023-06-25,,USD,321180.96,ACTIVE
A00027,C0029,BR001,Savings,2021-04-20,,USD,344352.51,Closed
A00028,C0043,BR005,Salary,2023-04-23,,USD,498298.89,Closed
A00029,C0023,BR999,Fixed Deposit,2021-01-14,,INR,111421.71,Dormant
A00030,C0021,BR001,savings,2025-09-27,,INR,104274.24,ACTIVE
A00031,C0018,BR999,savings,2023-11-19,,INR,415477.32,Closed
A00032,C0015,BR003,Current,2021-05-23,,INR,133527.22,Active
A00033,C0036,BR003,Current,2025-02-25,2025-12-31,INR,435723.47,Closed
A00034,C0031,BR004,Fixed Deposit,2021-10-27,,INR,122501.59,ACTIVE
A00035,C0008,BR001,Fixed Deposit,2023-07-08,,INR,71622.14,Closed
A00036,C0006,BR002,Savings,2024-04-04,2025-12-31,INR,386725.24,ACTIVE
A00037,C0029,BR004,Salary,2024-08-07,2025-12-31,INR,282157.88,Active
A00038,C0040,BR999,Savings,2020-05-01,,INR,328516.21,Dormant
A00039,C0016,BR002,savings,2018-11-04,,INR,201301.37,ACTIVE
A00040,C0019,BR001,Current,2021-03-26,,USD,30945.78,Dormant
A00041,C0060,BR003,savings,2025-06-01,,USD,52962.03,Dormant
A00042,C0042,BR002,Salary,2019-08-06,,INR,78791.01,Closed
A00043,C0039,BR999,savings,2021-03-28,2025-12-31,INR,231692.47,Closed
A00044,C0045,BR004,Salary,2023-08-12,2025-12-31,USD,35623.14,Active
A00045,C0057,BR004,Salary,2024-10-08,,INR,41120.08,Active
A00046,C0049,BR999,Salary,2024-06-18,,INR,232602.92,ACTIVE
A00047,C0059,BR003,Current,2024-07-25,2025-12-31,USD,484372.89,ACTIVE
A00048,C0023,BR004,Salary,2021-08-08,,INR,161550.85,ACTIVE
A00049,C0019,BR999,Fixed Deposit,2024-03-03,,USD,39470.2,Closed
A00050,C0021,BR001,Fixed Deposit,2023-10-09,,USD,203690.02,Dormant
A00051,C0034,BR003,savings,2026-06-26,2025-12-31,USD,378795.22,Dormant
A00052,C0018,BR005,Current,2021-03-25,2025-12-31,USD,56320.17,Dormant
A00053,C0046,BR002,Salary,2024-03-06,,USD,42070.65,Active
A00054,C0030,BR001,Current,2023-08-04,,INR,204822.62,ACTIVE
A00055,C0031,BR002,Fixed Deposit,2024-03-07,,USD,91258.24,Dormant
A00056,C0056,BR001,Salary,2022-08-27,,INR,409377.48,Closed
A00057,C0047,BR003,savings,2024-07-03,2025-12-31,INR,220506.43,ACTIVE
A00058,C0023,BR003,savings,2024-02-04,2025-12-31,USD,466090.39,Dormant
A00059,C0045,BR002,savings,2022-04-18,,USD,17041.89,ACTIVE
A00060,C0046,BR004,Fixed Deposit,2025-06-11,,USD,482236.34,Dormant
A00061,C0033,BR005,Salary,2019-02-16,2025-12-31,INR,260605.3,ACTIVE
A00062,C0001,BR999,Current,2022-08-07,,INR,232092.75,Closed
A00063,C0022,BR005,Fixed Deposit,2025-04-15,,INR,425432.37,ACTIVE
A00064,C0021,BR999,Fixed Deposit,2024-01-26,,INR,113558.97,Closed
A00065,C0015,BR999,Savings,2022-11-13,,INR,219057.67,Closed
A00066,C0058,BR001,Savings,2021-08-21,,INR,176023.99,ACTIVE
A00067,C0010,BR002,savings,2022-08-15,,INR,83410.02,ACTIVE
A00068,C0040,BR999,Current,2023-08-01,,INR,227880.71,Closed
A00069,C0030,BR003,Savings,2023-03-21,,INR,32300.26,Closed
A00070,C0038,BR003,Fixed Deposit,2025-09-28,,USD,421878.48,Dormant
A00071,C0025,BR004,Savings,2020-08-29,2025-12-31,INR,285280.02,Closed
A00072,C0002,BR999,Fixed Deposit,2021-01-29,,INR,454861.56,ACTIVE
A00073,C0054,BR003,Current,2024-10-22,,INR,316492.03,Closed
A00074,C0044,BR999,Current,2025-01-17,,INR,151011.11,ACTIVE
A00075,C0003,BR005,Salary,2026-03-19,,INR,454362.05,Closed
A00076,C0048,BR004,Current,2020-04-02,,INR,263080.45,Closed
A00077,C0054,BR002,Salary,2023-05-28,,INR,401137.43,ACTIVE
A00078,C0005,BR002,Current,2025-08-02,2025-12-31,INR,40602.95,ACTIVE
A00079,C0001,BR003,savings,2019-05-22,2025-12-31,INR,334778.33,Closed
A00080,C0038,BR004,Salary,2019-03-20,,USD,7637.45,Closed
A00081,C0059,BR005,Current,2025-04-06,,USD,454240.76,Closed
A00082,C0042,BR004,Savings,2019-07-27,,INR,148704.12,ACTIVE
A00083,C0008,BR001,Current,2024-01-11,,USD,224090.1,ACTIVE
A00084,C0038,BR999,Current,2022-08-27,,USD,305904.37,Closed
A00085,C0003,BR999,Salary,2020-06-08,2025-12-31,USD,475030.36,Closed
A00086,C0007,BR999,Salary,2024-02-09,,INR,196060.52,Dormant
A00087,C0008,BR004,Savings,2025-06-07,,INR,20542.15,Closed
A00088,C0016,BR002,savings,2020-04-20,,INR,291123.46,Dormant
A00089,C0022,BR002,savings,2018-01-12,,INR,493701.29,Closed
A00090,C0052,BR002,Savings,2025-05-31,,INR,2504.47,Dormant
