loan_id,customer_id,loan_type,application_date,loan_amount,interest_rate,tenure_months,loan_status,approved_date,outstanding_amount
L00001,C0006,Home,2024-10-24,3375150.39,12.01,36,Closed,2024-11-06,1282953.45
L00002,C0050,Vehicle,2026-05-01,887813.56,11.05,60,Approved,2026-06-10,583273.9
L00003,C0013,Vehicle,2023-04-02,822156.53,15.97,12,Rejected,,449486.96
L00004,C0040,Personal,2023-04-22,4350324.14,17.16,12,Rejected,,1373085.49
L00005,C0029,Education,2023-08-16,162603.17,9.22,120,In Review,,847501.25
L00006,C0049,Vehicle,2026-01-24,-1000.0,14.6,24,Closed,2026-03-08,73554.05
L00007,C0003,Vehicle,2026-04-08,893082.25,10.19,240,Closed,2026-05-18,1085125.81
L00008,C0005,Education,2025-08-10,3318845.49,15.12,240,Approved,2025-09-03,3457129.09
L00009,C0056,Education,2023-02-09,1194284.67,11.45,240,In Review,,398414.85
L00010,C0056,Business,2024-10-08,2681225.19,8.92,120,Disbursed,2024-11-07,2242750.17
L00011,C0016,Business,2023-02-14,1559391.24,12.87,240,Approved,2023-02-25,73488.9
L00012,C0041,Vehicle,2024-12-21,1219213.59,19.22,120,In Review,,1103513.12
L00013,C9999,Education,2023-05-07,4457490.33,17.09,12,In Review,,3776546.79
L00014,C0010,Vehicle,2024-07-27,4491017.81,15.04,12,Rejected,,2919558.66
L00015,C0056,Personal,2025-12-02,2115800.02,13.95,60,Closed,2025-12-22,3638941.57
L00016,C0035,Personal,2024-11-05,1073448.51,8.3,120,Disbursed,2024-12-19,3200420.24
L00017,C0045,Business,2023-10-10,4552335.44,12.09,24,In Review,,2624927.01
L00018,C0021,Home,2026-03-02,2808834.48,18.83,12,Rejected,,736540.86
L00019,C0049,Vehicle,2023-10-26,4406652.91,,60,Approved,2023-11-15,1772017.95
L00020,C0050,Personal,2024-07-14,578518.59,8.9,120,Rejected,,2467786.02
L00021,C0040,Personal,2026-05-25,3001985.43,9.5,12,Closed,2026-06-17,317901.72
L00022,C0033,Business,2025-09-03,2370379.32,14.94,24,Rejected,,3408517.73
L00023,C0009,Personal,2025-10-03,1006636.16,6.92,12,Disbursed,2025-10-21,3800792.17
L00024,C0049,Personal,2024-03-31,377374.8,18.55,60,Rejected,,3468516.01
L00025,C0056,Education,2025-09-30,4443555.23,12.06,12,In Review,,2431719.83
L00026,C0026,Business,2025-02-18,4698738.71,13.94,0,In Review,,2100922.13
L00027,C0007,Education,2023-03-20,2311657.1,17.91,24,Closed,2023-04-23,2151476.57
L00028,C0025,Business,2023-03-22,3837541.37,19.01,24,Closed,2023-04-10,1758215.5
L00029,C0030,Personal,2024-09-15,2141187.8,14.47,12,In Review,,2759811.83
L00030,C0054,Education,2023-10-19,497682.0,13.01,24,Disbursed,2023-11-26,3751369.83
L00031,C0026,Education,2026-01-24,1651131.62,6.82,60,Rejected,,2361261.9
L00032,C0006,Vehicle,2024-02-18,1654170.16,14.93,240,Disbursed,2024-02-29,2873498.88
L00033,C0008,Education,2023-09-11,3188658.47,7.61,240,Approved,2023-10-06,2907495.34
L00034,C0011,Education,2025-02-30,2774212.13,7.07,24,Closed,2025-12-05,2261966.31
L00035,C0056,Personal,2023-11-04,935390.49,15.76,60,Rejected,,1232248.82
L00036,C0041,Personal,2025-07-02,631892.19,8.21,24,In Review,,14131.59
L00037,C0030,Education,2024-06-02,4284284.73,13.57,12,Approved,2024-07-11,3530811.68
L00038,C0038,Education,2024-05-02,2296005.5,12.24,120,Rejected,,2400408.42
L00039,C0018,Business,2024-05-16,3161745.36,17.16,24,Closed,2024-05-20,739359.95
L00040,C0003,Personal,2023-04-23,4276454.97,15.17,120,In Review,,1193766.19
L00041,C0007,Education,2023-06-29,4968989.14,8.6,36,Approved,2023-08-08,2643698.44
L00042,C0051,Business,2026-05-03,928225.37,12.42,120,Closed,2026-05-27,3725919.28
L00043,C0021,Vehicle,2023-07-10,4492772.39,17.16,60,In Review,,3373238.52
L00044,C0031,Personal,2023-05-13,654014.99,17.67,36,In Review,,2108210.93
L00045,C0045,Personal,2025-12-10,3079666.04,7.92,240,Rejected,,3917399.78
L00046,C0031,Business,2025-12-19,4672763.79,19.32,36,Approved,2026-01-16,2435378.43
L00047,C0034,Business,2024-10-10,4975370.46,11.1,24,In Review,,2457159.92
L00048,C0047,Education,2025-10-13,2487897.05,8.84,120,Closed,2025-10-28,2834348.27
L00049,C0008,Home,2024-02-01,2351183.89,16.86,240,Approved,2024-02-15,3198257.41
L00050,C0003,Vehicle,2025-04-29,1780767.72,16.98,24,Disbursed,2025-04-30,2562473.24
L00051,C0051,Home,2024-07-30,1573474.12,13.09,36,In Review,,3068130.4
L00052,C0022,Education,2023-08-22,3635763.38,14.51,12,In Review,,3328171.08
L00053,C0054,Vehicle,2024-02-02,4615284.84,12.73,60,In Review,,3189017.54
L00054,C0010,Education,2023-10-06,4465688.72,13.48,36,Disbursed,2023-11-05,3135956.13
L00055,C0054,Business,2025-04-27,1531751.55,15.92,36,Approved,2025-06-02,2143541.9
L00056,C0044,Vehicle,2024-03-02,4007699.9,18.04,36,Closed,2024-03-07,3878453.17
L00057,C0022,Education,2024-07-28,3151228.7,17.45,120,Approved,2024-09-05,1558265.1
L00058,C0056,Vehicle,2026-05-03,3541067.61,10.59,12,Approved,2026-05-21,1655478.27
L00059,C0024,Education,2025-10-14,4155814.47,10.43,120,Rejected,,1209273.19
L00060,C0051,Home,2023-08-18,3900062.44,18.37,60,In Review,,2023978.77
L00061,C0010,Personal,2025-09-15,1733573.73,12.79,120,Closed,2025-10-05,3102132.84
L00062,C0053,Business,2023-10-21,3399750.58,8.23,240,Approved,2023-10-24,1837473.64
L00063,C0001,Vehicle,2025-12-05,4665069.85,15.43,120,Approved,2025-12-11,1333159.01
L00064,C0034,Vehicle,2023-04-05,161277.29,16.36,240,Approved,2023-04-19,1283521.48
L00065,C0018,Business,2024-01-30,1629791.46,12.23,12,In Review,,1090616.83
L00066,C0008,Home,2023-11-19,4793575.37,13.78,12,In Review,,826309.52
L00067,C0021,Vehicle,2024-12-18,750706.3,15.66,36,Closed,2025-01-24,979300.3
L00068,C0040,Vehicle,2023-05-26,2725856.66,7.16,12,In Review,,1882942.32
L00069,C0025,Home,2023-04-14,476291.92,11.59,240,Approved,2023-05-23,3565103.58
L00070,C0040,Vehicle,2026-07-13,1596581.22,17.13,240,Disbursed,2026-08-25,3237199.29
L00071,C0037,Personal,2023-06-10,509935.06,16.93,240,Disbursed,2023-07-10,389051.99
L00072,C0031,Personal,2024-09-27,4739868.94,8.37,120,Disbursed,2024-10-14,3651446.44
L00073,C0045,Vehicle,2025-03-13,3954454.6,17.97,60,Rejected,,1950026.93
L00074,C0008,Vehicle,2023-05-14,2419327.82,17.49,36,Disbursed,2023-06-06,2417760.93
L00075,C0007,Education,2023-09-18,4096886.82,16.86,36,Closed,2023-10-24,2597805.65
L00076,C0030,Education,2024-09-10,2973152.99,9.6,24,Closed,2024-10-16,636081.16
L00077,C0005,Vehicle,2025-09-14,1080778.82,15.52,60,Disbursed,2025-10-12,2268844.78
L00078,C0045,Personal,2024-12-01,906773.01,15.2,240,Closed,2025-01-07,3346992.78
L00079,C0039,Education,2023-08-23,1660621.57,7.77,60,Closed,2023-09-04,1232142.89
L00080,C0039,Home,2025-04-11,3443267.98,14.25,60,Approved,2025-05-02,1977180.59
