transaction_id,account_id,transaction_ts,transaction_type,direction,amount,currency,channel,merchant,status,reference_id
T0000001,A00023,2025-08-24T18:18:00,UPI,CREDIT,1802.11,INR,Internet,,FAILED,REF78955
T0000002,A00009,2025-03-24T18:09:00,RTGS,CREDIT,955.02,USD,Branch,Salary Credit,REVERSED,REF24293
T0000003,A00029,2025-11-26T03:22:00,POS,DEBIT,2095.8,INR,ATM,,SUCCESS,REF17972
T0000004,A00052,2025-12-15T18:48:00,CASH,CREDIT,-250.0,INR,ATM,,FAILED,REF19632
T0000005,A00078,2025-02-28T19:54:00,NEFT,DEBIT,867.7,INR,Internet,Online Retail,REVERSED,REF92978
T0000006,A00077,2025-08-25T19:01:00,IMPS,CREDIT,867.71,USD,POS,Salary Credit,FAILED,REF22999
T0000007,A00084,2025-03-25T07:31:00,CASH,DEBIT,5319.92,USD,ATM,Utility Co,FAILED,REF54424
T0000008,A00054,2025-11-27T05:28:00,IMPS,DEBIT,2362.4,INR,ATM,Online Retail,SUCCESS,REF59060
T0000009,A00061,2025-04-22T03:33:00,RTGS,DEBIT,685.76,INR,Mobile,Grocery Mart,FAILED,REF22656
T0000010,A00017,bad_timestamp,CASH,DEBIT,1886.65,INR,Mobile,ATM Cash,SUCCESS,REF97207
T0000011,A00007,2025-11-04T23:21:00,CASH,CREDIT,689.92,INR,Branch,Grocery Mart,REVERSED,REF76507
T0000012,A00085,2025-06-04T21:52:00,ATM,CREDIT,688.33,INR,Mobile,Online Retail,REVERSED,REF58176
T0000013,A00036,2025-03-25T15:45:00,CASH,DEBIT,1396.83,USD,POS,Salary Credit,REVERSED,REF98470
T0000014,A00085,2025-01-20T02:49:00,POS,CREDIT,161.86,INR,Internet,Online Retail,SUCCESS,REF54541
T0000015,A00024,2025-09-13T14:34:00,UPI,DEBIT,195.41,USD,Mobile,Utility Co,SUCCESS,REF22026
T0000016,A99999,2025-06-06T15:43:00,IMPS,CREDIT,624.98,INR,Internet,Online Retail,SUCCESS,REF52517
T0000017,A00020,2025-03-03T20:43:00,UPI,DEBIT,398.29,INR,Mobile,Online Retail,FAILED,REF96761
T0000018,A00078,2025-11-05T18:11:00,IMPS,CREDIT,1501.54,USD,Branch,Utility Co,REVERSED,REF24918
T0000019,A00015,2025-09-09T08:19:00,IMPS,CREDIT,442.29,USD,POS,,SUCCESS,REF15952
T0000020,A00077,2025-06-10T13:50:00,IMPS,DEBIT,267.12,INR,Internet,Online Retail,SUCCESS,REF27987
T0000021,A00042,2025-07-06T01:31:00,NEFT,DEBIT,,INR,ATM,,FAILED,REF33028
T0000022,A00069,2025-04-05T01:41:00,IMPS,DEBIT,875.0,INR,Mobile,ATM Cash,SUCCESS,REF67176
T0000023,A00010,2025-01-14T15:31:00,IMPS,CREDIT,1173.24,USD,POS,ATM Cash,FAILED,REF47947
T0000024,A00003,2025-03-25T20:48:00,IMPS,CREDIT,263.82,INR,POS,ATM Cash,SUCCESS,REF21551
T0000025,A00014,2025-11-15T00:05:00,CASH,DEBIT,636.27,USD,POS,ATM Cash,REVERSED,REF20308
T0000026,A00040,2025-10-16T04:31:00,CASH,CREDIT,1225.28,XYZ,Branch,Utility Co,SUCCESS,REF76910
T0000027,A00066,2025-03-25T00:45:00,POS,DEBIT,346.89,INR,Branch,,SUCCESS,REF40968
T0000028,A00033,2025-03-16T20:38:00,ATM,DEBIT,1596.71,INR,POS,Utility Co,SUCCESS,REF33218
T0000029,A00073,2025-12-26T19:19:00,IMPS,CREDIT,601.46,INR,Branch,Utility Co,FAILED,REF18950
T0000030,A00081,2025-12-08T10:59:00,IMPS,CREDIT,819.18,INR,POS,Grocery Mart,SUCCESS,REF76497
T0000031,A00060,2025-02-24T00:34:00,upi ,CREDIT,600.82,INR,Mobile,Online Retail,SUCCESS,REF20057
T0000032,A00077,2025-03-07T18:02:00,POS,CREDIT,6990.3,USD,POS,Salary Credit,SUCCESS,REF68947
T0000033,A00078,2025-05-18T01:43:00,NEFT,CREDIT,1081.93,INR,Mobile,ATM Cash,SUCCESS,REF55015
T0000034,A00083,2025-03-03T09:45:00,POS,DEBIT,380.81,INR,Internet,,FAILED,REF67595
T0000035,A00048,2025-04-26T14:17:00,NEFT,CREDIT,2496.25,USD,ATM,Online Retail,REVERSED,REF16863
T0000036,A00043,2025-09-01T16:25:00,UPI,DEBIT,323.49,USD,Branch,Online Retail,REVERSED,REF29709
T0000037,A00075,2025-08-31T17:55:00,UPI,DEBIT,1351.36,INR,Branch,,FAILED,REF26901
T0000038,A00072,2025-03-03T16:34:00,NEFT,CREDIT,154.52,INR,Internet,,REVERSED,REF22249
T0000039,A00047,2025-11-05T07:33:00,POS,DEBIT,290.56,INR,Branch,Utility Co,SUCCESS,REF54791
T0000040,A00029,2025-12-21T02:12:00,ATM,DEBIT,1335.23,INR,Mobile,Online Retail,SUCCESS,REF76543
T0000040,A00044,2025-01-28T11:41:00,RTGS,DEBIT,2294.95,USD,Internet,Utility Co,SUCCESS,REF91885
T0000042,A00057,2025-05-01T13:00:00,RTGS,DEBIT,1301.62,USD,Branch,,SUCCESS,REF68222
T0000043,A00058,2025-07-27T11:28:00,CASH,DEBIT,976.87,INR,Branch,ATM Cash,SUCCESS,REF58213
T0000044,A00037,2025-11-17T19:59:00,IMPS,CREDIT,811.51,USD,Internet,Utility Co,REVERSED,REF28140
T0000045,A00083,2025-07-02T01:07:00,UPI,CREDIT,250.0,INR,POS,Grocery Mart,REVERSED,REF26341
T0000046,A00021,2025-07-27T13:50:00,UPI,CREDIT,533.87,USD,POS,Utility Co,FAILED,REF22021
T0000047,A00058,2025-06-11T16:23:00,CASH,CREDIT,691.84,INR,ATM,Grocery Mart,FAILED,REF75799
T0000048,A00050,2025-09-30T07:27:00,ATM,DEBIT,3156.19,INR,Internet,Grocery Mart,SUCCESS,REF22987
T0000049,A00019,2025-09-02T03:37:00,CASH,DEBIT,1546.3,INR,Branch,ATM Cash,SUCCESS,REF71487
T0000050,A00001,2025-11-23T15:52:00,POS,DEBIT,188.1,INR,Branch,Utility Co,SUCCESS,REF81932
T0000051,A00037,2025-11-05T04:54:00,UPI,DEBIT,1516.38,INR,Mobile,Grocery Mart,,REF65027
T0000052,A00015,2025-11-29T20:38:00,UPI,CREDIT,746.14,INR,POS,Salary Credit,SUCCESS,REF28818
T0000053,A00001,2025-08-01T02:20:00,IMPS,CREDIT,557.29,INR,POS,ATM Cash,SUCCESS,REF97080
T0000054,A00047,2025-03-04T08:12:00,POS,DEBIT,2021.66,INR,ATM,ATM Cash,SUCCESS,REF93318
T0000055,A00033,2025-10-09T17:14:00,NEFT,DEBIT,3074.81,INR,Mobile,Online Retail,SUCCESS,REF96127
T0000056,A00075,2025-03-17T11:39:00,CASH,CREDIT,2782.99,INR,Mobile,Online Retail,REVERSED,REF54374
T0000057,A00088,2025-05-08T11:54:00,CASH,CREDIT,473.8,USD,Internet,Utility Co,SUCCESS,REF69988
T0000058,A00026,2025-01-27T22:20:00,NEFT,DEBIT,804.96,INR,Mobile,Online Retail,SUCCESS,REF77552
T0000059,A00070,2025-10-17T23:28:00,CASH,CREDIT,1527.31,INR,Mobile,,SUCCESS,REF47501
T0000060,A00007,2025-09-17T22:34:00,CASH,CREDIT,2908.94,INR,Mobile,Online Retail,FAILED,REF62431
T0000061,A00044,2025-11-17T04:57:00,IMPS,DEBIT,99999999.0,USD,ATM,Online Retail,REVERSED,REF44959
T0000062,A00055,2025-03-02T03:44:00,RTGS,DEBIT,910.82,USD,POS,Utility Co,REVERSED,REF48504
T0000063,A00011,2025-08-22T21:34:00,UPI,CREDIT,362.73,INR,Branch,ATM Cash,REVERSED,REF65851
T0000064,A00057,2025-05-02T08:19:00,RTGS,CREDIT,331.55,USD,Mobile,,SUCCESS,REF90589
T0000065,A00082,2025-11-13T17:08:00,NEFT,DEBIT,2471.36,INR,ATM,Online Retail,REVERSED,REF99051
T0000066,A00019,2025-04-27T11:58:00,UPI,CREDIT,4256.66,INR,Internet,Grocery Mart,SUCCESS,REF94562
T0000067,A00050,2025-09-24T18:03:00,NEFT,DEBIT,1020.44,INR,ATM,Online Retail,SUCCESS,REF68188
T0000068,A00018,2025-02-25T23:40:00,POS,CREDIT,2991.51,USD,Branch,,SUCCESS,REF42717
T0000069,A00024,2025-03-24T14:39:00,UPI,CREDIT,1574.41,USD,POS,Grocery Mart,SUCCESS,REF44116
T0000070,A00079,2025-11-21T23:11:00,ATM,CREDIT,575.29,USD,Internet,Grocery Mart,SUCCESS,REF19706
T0000071,A00057,2027-01-01T12:00:00,ATM,DEBIT,1574.03,INR,Branch,,SUCCESS,REF82089
T0000072,A00021,2025-07-31T10:26:00,NEFT,DEBIT,5105.31,INR,POS,Utility Co,SUCCESS,REF36342
T0000073,A00064,2025-04-12T03:02:00,ATM,DEBIT,1058.04,INR,POS,Salary Credit,SUCCESS,REF71263
T0000074,A00012,2025-04-05T11:54:00,POS,DEBIT,5242.97,INR,ATM,,FAILED,REF78903
T0000075,A00053,2025-10-27T03:09:00,CASH,DEBIT,79.86,INR,Branch,,SUCCESS,REF68979
T0000076,A00067,2025-12-06T05:01:00,RTGS,CREDIT,2494.65,INR,POS,,REVERSED,REF33850
T0000077,A00065,2025-04-04T23:00:00,IMPS,DEBIT,1196.37,INR,POS,Utility Co,SUCCESS,REF31581
T0000078,A00029,2025-04-28T22:34:00,NEFT,CREDIT,813.21,INR,Mobile,Online Retail,SUCCESS,REF93238
T0000079,A00081,2025-07-19T20:22:00,ATM,CREDIT,1202.02,INR,POS,,SUCCESS,REF87569
T0000080,A00085,2025-04-23T06:44:00,ATM,CREDIT,150.27,INR,Mobile,Grocery Mart,SUCCESS,REF94076
T0000081,A00027,2025-07-12T17:11:00,RTGS,UNKNOWN,880.36,INR,ATM,,REVERSED,REF47967
T0000082,A00032,2025-08-08T23:28:00,IMPS,CREDIT,1567.3,INR,ATM,Grocery Mart,SUCCESS,REF30719
T0000083,A00062,2025-11-17T02:39:00,IMPS,CREDIT,4807.32,INR,Branch,Salary Credit,SUCCESS,REF50970
T0000084,A00045,2025-08-21T12:27:00,RTGS,CREDIT,653.1,INR,Branch,Salary Credit,REVERSED,REF23917
T0000085,A00060,2025-08-21T08:57:00,ATM,DEBIT,488.58,INR,ATM,Utility Co,SUCCESS,REF22689
T0000086,A00050,2025-02-06T20:23:00,NEFT,CREDIT,663.97,INR,Internet,Online Retail,REVERSED,REF50988
T0000087,A00021,2025-05-19T05:35:00,CASH,CREDIT,2739.15,USD,ATM,Online Retail,FAILED,REF13037
T0000088,A00065,2025-03-07T13:43:00,IMPS,CREDIT,1523.48,INR,Internet,Salary Credit,SUCCESS,REF16377
T0000089,A00064,2025-02-06T19:15:00,NEFT,CREDIT,645.64,INR,POS,Grocery Mart,SUCCESS,REF66482
T0000090,A00047,2025-04-08T12:40:00,NEFT,CREDIT,1832.19,INR,Mobile,ATM Cash,SUCCESS,REF84747
T0000091,A00071,2025-05-22T17:50:00,NEFT,CREDIT,1208.43,INR,ATM,Salary Credit,FAILED,REF82070
T0000092,A00080,2025-07-23T16:28:00,CASH,DEBIT,2888.94,INR,Mobile,ATM Cash,SUCCESS,REF54444
T0000093,A00019,2025-09-24T05:26:00,CASH,DEBIT,543.45,USD,POS,Grocery Mart,SUCCESS,REF15100
T0000094,A00043,2025-04-10T18:53:00,RTGS,CREDIT,790.24,USD,Internet,Salary Credit,REVERSED,REF28321
T0000095,A00041,2025-08-27T19:37:00,POS,DEBIT,740.92,USD,POS,,SUCCESS,REF87820
T0000096,A00066,2025-09-02T22:33:00,POS,CREDIT,253.78,INR,ATM,Grocery Mart,SUCCESS,REF53416
T0000097,A00075,2025-03-21T19:28:00,IMPS,CREDIT,1474.57,INR,POS,ATM Cash,SUCCESS,REF95929
T0000098,A00007,2025-06-15T16:36:00,RTGS,CREDIT,1423.76,INR,POS,,REVERSED,REF59832
T0000099,A00088,2025-04-18T14:34:00,CASH,DEBIT,1102.26,INR,POS,,SUCCESS,REF35006
T0000100,A00041,2025-01-14T18:57:00,IMPS,CREDIT,867.32,INR,ATM,,SUCCESS,REF63788
T0000101,A00008,2025-12-10T09:54:00,CASH,DEBIT,266.3,INR,POS,Online Retail,FAILED,REF78875
T0000102,A00023,2025-10-02T09:29:00,NEFT,CREDIT,720.07,INR,POS,Online Retail,SUCCESS,REF89963
T0000103,A00032,2025-12-19T13:39:00,ATM,CREDIT,778.43,INR,Internet,Online Retail,SUCCESS,REF37168
T0000104,A00062,2025-12-23T01:56:00,NEFT,CREDIT,491.63,INR,Branch,Grocery Mart,REVERSED,REF98686
T0000105,A00045,2025-10-04T11:38:00,IMPS,DEBIT,933.29,INR,Mobile,Online Retail,SUCCESS,REF55398
T0000106,A00033,2025-11-19T03:04:00,RTGS,CREDIT,1642.63,INR,Internet,Salary Credit,SUCCESS,REF83664
T0000107,A00014,2025-07-17T18:55:00,ATM,DEBIT,7231.39,INR,Mobile,,REVERSED,REF39579
T0000108,A00013,2025-06-19T13:06:00,UPI,CREDIT,1305.81,INR,ATM,Grocery Mart,SUCCESS,REF10679
T0000109,A00084,2025-04-26T00:13:00,IMPS,CREDIT,1418.78,USD,Internet,Online Retail,SUCCESS,REF47409
T0000110,A00012,2025-02-13T01:56:00,CASH,DEBIT,1017.96,INR,Internet,ATM Cash,SUCCESS,REF14763
T0000111,A00064,2025-10-17T01:58:00,CASH,DEBIT,160.97,INR,Mobile,Grocery Mart,SUCCESS,REF84443
T0000112,A00037,2025-03-20T03:12:00,NEFT,CREDIT,1067.94,USD,Internet,Salary Credit,FAILED,REF45761
T0000113,A00015,2025-05-21T09:37:00,CASH,CREDIT,1164.71,INR,ATM,,SUCCESS,REF34405
T0000114,A00044,2025-01-11T06:08:00,RTGS,CREDIT,12877.57,INR,Internet,Salary Credit,FAILED,REF66059
T0000115,A00052,2025-08-27T18:56:00,UPI,DEBIT,904.73,INR,Internet,ATM Cash,SUCCESS,REF42512
T0000116,A00050,2025-01-05T23:21:00,NEFT,DEBIT,1482.59,USD,Branch,Online Retail,SUCCESS,REF86344
T0000117,A00084,2025-01-09T07:51:00,NEFT,CREDIT,1059.22,INR,Mobile,,SUCCESS,REF71000
T0000118,A00052,2025-08-12T09:49:00,ATM,CREDIT,340.81,INR,Branch,Online Retail,REVERSED,REF38947
T0000119,A00062,2025-06-09T13:32:00,ATM,DEBIT,3438.61,USD,POS,Online Retail,FAILED,REF81989
T0000120,A00069,2025-12-09T20:19:00,CASH,DEBIT,2326.06,INR,POS,Grocery Mart,REVERSED,REF68556
T0000121,A00073,2025-09-21T10:38:00,UPI,DEBIT,2418.81,INR,POS,Salary Credit,SUCCESS,REF85065
T0000122,A00042,2025-04-20T02:51:00,ATM,CREDIT,441.69,INR,Internet,,REVERSED,REF74071
T0000123,A00058,2025-03-08T05:19:00,POS,DEBIT,4459.51,USD,Internet,Salary Credit,FAILED,REF69873
T0000124,A00060,2025-02-12T01:01:00,POS,CREDIT,269.93,INR,ATM,Online Retail,SUCCESS,REF38560
T0000125,A00055,2025-02-23T04:17:00,UPI,CREDIT,1972.11,INR,POS,Grocery Mart,SUCCESS,REF71875
T0000126,A00053,2025-01-24T02:36:00,NEFT,DEBIT,9803.12,INR,ATM,Online Retail,FAILED,REF68790
T0000127,A00011,2025-10-02T21:13:00,IMPS,DEBIT,407.26,INR,Mobile,Utility Co,REVERSED,REF61518
T0000128,A00029,2025-04-03T17:33:00,RTGS,DEBIT,622.47,INR,Branch,ATM Cash,REVERSED,REF65591
T0000129,A00030,2025-10-04T04:20:00,CASH,DEBIT,1211.54,USD,Branch,Utility Co,SUCCESS,REF34704
T0000130,A00085,2025-03-24T04:06:00,UPI,CREDIT,662.83,INR,Internet,Utility Co,SUCCESS,REF23224
T0000131,A00077,2025-01-25T10:47:00,IMPS,DEBIT,232.6,INR,Mobile,ATM Cash,FAILED,REF40715
T0000132,A00008,2025-06-08T05:03:00,CASH,DEBIT,1174.46,INR,Internet,,REVERSED,REF51799
T0000133,A00039,2025-08-22T12:01:00,ATM,DEBIT,379.06,INR,ATM,Online Retail,SUCCESS,REF17989
T0000134,A00087,2025-05-08T12:40:00,RTGS,CREDIT,1760.92,USD,Mobile,Online Retail,FAILED,REF78742
T0000135,A00054,2025-08-21T02:17:00,RTGS,CREDIT,437.28,INR,Branch,ATM Cash,SUCCESS,REF80507
T0000136,A00029,2025-12-11T19:20:00,ATM,CREDIT,5166.42,INR,ATM,Grocery Mart,REVERSED,REF64090
T0000137,A00068,2025-10-31T07:00:00,POS,DEBIT,501.07,USD,Internet,Online Retail,SUCCESS,REF53288
T0000138,A00048,2025-02-27T13:51:00,IMPS,DEBIT,794.68,INR,Mobile,Online Retail,FAILED,REF98299
T0000139,A00010,2025-01-29T19:08:00,CASH,DEBIT,2473.82,INR,ATM,Utility Co,SUCCESS,REF49739
T0000140,A00025,2025-01-12T03:58:00,ATM,DEBIT,320.26,USD,Internet,,REVERSED,REF36805
T0000141,A00071,2025-10-16T19:38:00,ATM,CREDIT,1376.72,INR,ATM,ATM Cash,REVERSED,REF95029
T0000142,A00034,2025-09-19T14:30:00,NEFT,CREDIT,4052.72,USD,ATM,Grocery Mart,FAILED,REF51973
T0000143,A00041,2025-05-28T21:54:00,NEFT,CREDIT,219.76,INR,POS,Utility Co,SUCCESS,REF12125
T0000144,A00075,2025-07-09T21:21:00,POS,CREDIT,1319.01,INR,Internet,Utility Co,SUCCESS,REF40149
T0000145,A00032,2025-10-04T14:10:00,POS,CREDIT,1422.09,INR,Branch,ATM Cash,FAILED,REF70401
T0000146,A00046,2025-05-03T12:05:00,RTGS,DEBIT,2396.64,INR,POS,ATM Cash,SUCCESS,REF81058
T0000147,A00005,2025-02-12T18:25:00,POS,DEBIT,318.32,INR,Mobile,ATM Cash,SUCCESS,REF92667
T0000148,A00020,2025-06-18T12:35:00,UPI,DEBIT,292.82,INR,POS,ATM Cash,SUCCESS,REF17923
T0000149,A00063,2025-12-18T20:36:00,RTGS,DEBIT,1848.15,INR,POS,Salary Credit,FAILED,REF11553
T0000150,A00036,2025-01-13T04:18:00,POS,CREDIT,1475.84,INR,POS,,FAILED,REF33496
T0000151,A00068,2025-03-19T22:14:00,UPI,DEBIT,1408.8,INR,Internet,Salary Credit,REVERSED,REF43084
T0000152,A00051,2025-09-16T02:18:00,NEFT,DEBIT,1550.68,INR,ATM,ATM Cash,REVERSED,REF41877
T0000153,A00088,2025-06-14T11:08:00,NEFT,DEBIT,555.56,INR,Mobile,ATM Cash,FAILED,REF59436
T0000154,A00082,2025-12-13T14:47:00,UPI,DEBIT,1383.34,INR,Mobile,ATM Cash,FAILED,REF94529
T0000155,A00013,2025-08-30T05:22:00,POS,DEBIT,1470.08,INR,Internet,,REVERSED,REF72324
T0000156,A00010,2025-07-17T09:43:00,UPI,CREDIT,536.81,INR,Internet,Online Retail,SUCCESS,REF37152
T0000157,A00051,2025-04-15T23:55:00,CASH,DEBIT,7085.28,INR,Internet,Salary Credit,SUCCESS,REF84277
T0000158,A00070,2025-10-11T09:00:00,RTGS,CREDIT,1761.34,USD,Internet,,SUCCESS,REF75639
T0000159,A00013,2025-09-09T20:19:00,UPI,CREDIT,333.18,INR,Mobile,Online Retail,REVERSED,REF90460
T0000160,A00042,2025-10-16T20:53:00,CASH,DEBIT,2114.46,INR,ATM,ATM Cash,SUCCESS,REF56636
T0000161,A00024,2025-10-01T09:03:00,IMPS,CREDIT,413.77,INR,POS,Online Retail,SUCCESS,REF19634
T0000162,A00020,2025-03-01T17:43:00,NEFT,CREDIT,2409.28,INR,ATM,Online Retail,SUCCESS,REF23965
T0000163,A00040,2025-03-08T15:26:00,UPI,CREDIT,3493.28,INR,Branch,Grocery Mart,SUCCESS,REF21442
T0000164,A00058,2025-05-17T10:54:00,IMPS,CREDIT,482.66,INR,Mobile,Grocery Mart,SUCCESS,REF82642
T0000165,A00077,2025-03-09T18:24:00,POS,CREDIT,2873.76,USD,Mobile,Online Retail,FAILED,REF60829
T0000166,A00072,2025-03-03T16:13:00,RTGS,DEBIT,1657.03,INR,ATM,Utility Co,SUCCESS,REF45247
T0000167,A00064,2025-08-08T06:39:00,NEFT,DEBIT,2495.04,INR,Internet,ATM Cash,SUCCESS,REF65194
T0000168,A00010,2025-08-07T06:33:00,IMPS,CREDIT,7308.5,INR,Internet,,FAILED,REF87831
T0000169,A00014,2025-05-23T09:27:00,IMPS,DEBIT,858.01,INR,Mobile,ATM Cash,SUCCESS,REF91289
T0000170,A00043,2025-10-04T15:03:00,CASH,CREDIT,516.08,INR,ATM,,REVERSED,REF27842
T0000171,A00078,2025-08-07T18:29:00,NEFT,DEBIT,450.56,USD,Branch,Utility Co,FAILED,REF51830
T0000172,A00089,2025-08-01T05:25:00,RTGS,CREDIT,485.02,INR,Branch,ATM Cash,SUCCESS,REF61502
T0000173,A00073,2025-09-23T19:06:00,UPI,DEBIT,1015.26,INR,POS,Grocery Mart,FAILED,REF37479
T0000174,A00038,2025-11-16T06:33:00,CASH,DEBIT,1542.49,USD,ATM,Utility Co,SUCCESS,REF41722
T0000175,A00020,2025-07-03T23:55:00,RTGS,CREDIT,1446.19,USD,Mobile,ATM Cash,REVERSED,REF72814
T0000176,A00065,2025-10-19T20:34:00,POS,CREDIT,2507.86,INR,Branch,,REVERSED,REF87833
T0000177,A00032,2025-03-03T21:10:00,UPI,CREDIT,1110.98,INR,POS,Grocery Mart,REVERSED,REF94545
T0000178,A00043,2025-10-18T23:49:00,CASH,CREDIT,4691.62,INR,Mobile,Grocery Mart,SUCCESS,REF39098
T0000179,A00048,2025-06-10T22:48:00,IMPS,CREDIT,841.63,USD,POS,,REVERSED,REF29758
T0000180,A00062,2025-09-09T04:44:00,UPI,DEBIT,16650.06,INR,ATM,Grocery Mart,SUCCESS,REF28569
T0000181,A00044,2025-09-11T15:29:00,NEFT,CREDIT,2050.15,INR,POS,ATM Cash,SUCCESS,REF72411
T0000182,A00090,2025-03-13T02:05:00,IMPS,CREDIT,465.37,INR,Mobile,Online Retail,SUCCESS,REF25084
T0000183,A00044,2025-01-17T10:42:00,CASH,DEBIT,375.82,INR,Internet,Salary Credit,SUCCESS,REF82339
T0000184,A00072,2025-04-27T14:34:00,NEFT,CREDIT,1776.63,USD,Internet,ATM Cash,SUCCESS,REF34430
T0000185,A00004,2025-11-11T16:05:00,IMPS,DEBIT,877.03,USD,POS,ATM Cash,FAILED,REF10583
T0000186,A00036,2025-06-06T09:50:00,ATM,DEBIT,2239.48,INR,POS,Utility Co,SUCCESS,REF52727
T0000187,A00015,2025-05-24T12:07:00,IMPS,CREDIT,1760.3,USD,POS,,SUCCESS,REF88246
T0000188,A00051,2025-10-10T23:57:00,POS,DEBIT,1019.61,INR,Branch,ATM Cash,REVERSED,REF32613
T0000189,A00076,2025-08-05T14:13:00,POS,DEBIT,470.22,INR,Branch,Grocery Mart,SUCCESS,REF50026
T0000190,A00048,2025-03-27T03:49:00,ATM,DEBIT,241.09,USD,ATM,Salary Credit,SUCCESS,REF85340
T0000191,A00024,2025-10-07T09:49:00,IMPS,CREDIT,701.69,INR,POS,Utility Co,FAILED,REF47858
T0000192,A00041,2025-04-13T03:51:00,ATM,CREDIT,2582.2,INR,Branch,Grocery Mart,FAILED,REF27895
T0000193,A00050,2025-05-23T02:07:00,CASH,CREDIT,1358.44,USD,ATM,ATM Cash,FAILED,REF74054
T0000194,A00073,2025-05-02T18:57:00,UPI,DEBIT,315.53,INR,Branch,Grocery Mart,SUCCESS,REF39470
T0000195,A00059,2025-07-30T04:52:00,ATM,CREDIT,1303.99,INR,POS,Grocery Mart,SUCCESS,REF81186
T0000196,A00006,2025-09-25T03:22:00,POS,CREDIT,1612.14,INR,ATM,Grocery Mart,SUCCESS,REF49021
T0000197,A00034,2025-01-24T11:16:00,IMPS,CREDIT,453.11,INR,ATM,Grocery Mart,SUCCESS,REF37509
T0000198,A00079,2025-09-13T07:43:00,CASH,CREDIT,1278.86,INR,POS,Utility Co,SUCCESS,REF37124
T0000199,A00045,2025-02-13T05:21:00,POS,CREDIT,1162.36,INR,Branch,,SUCCESS,REF47923
T0000200,A00066,2025-07-14T16:09:00,CASH,DEBIT,349.68,INR,ATM,Grocery Mart,SUCCESS,REF95969
T0000201,A00017,2025-04-03T09:31:00,RTGS,DEBIT,1568.36,INR,Branch,Utility Co,FAILED,REF74154
T0000202,A00081,2025-04-14T12:37:00,POS,CREDIT,1921.35,USD,ATM,ATM Cash,SUCCESS,REF93050
T0000203,A00066,2025-03-09T18:56:00,IMPS,CREDIT,3239.1,INR,ATM,ATM Cash,SUCCESS,REF86278
T0000204,A00012,2025-01-02T19:13:00,CASH,CREDIT,3145.73,INR,Mobile,Salary Credit,FAILED,REF38551
T0000205,A00028,2025-11-09T20:33:00,CASH,CREDIT,276.53,INR,Branch,Online Retail,SUCCESS,REF81737
T0000206,A00063,2025-04-06T02:17:00,POS,CREDIT,429.31,INR,Mobile,Grocery Mart,FAILED,REF12134
T0000207,A00021,2025-04-01T11:12:00,CASH,CREDIT,1835.43,USD,Mobile,ATM Cash,SUCCESS,REF27290
T0000208,A00036,2025-08-08T19:28:00,ATM,DEBIT,1833.14,INR,Branch,Grocery Mart,SUCCESS,REF97098
T0000209,A00051,2025-05-01T12:45:00,UPI,CREDIT,1835.46,INR,ATM,,SUCCESS,REF22475
T0000210,A00062,2025-01-01T18:59:00,ATM,DEBIT,51675.11,INR,POS,Utility Co,REVERSED,REF99126
T0000211,A00002,2025-11-21T02:06:00,UPI,CREDIT,1940.87,INR,ATM,,SUCCESS,REF72613
T0000212,A00050,2025-02-21T13:48:00,ATM,DEBIT,3413.75,INR,Mobile,Online Retail,SUCCESS,REF49223
T0000213,A00018,2025-04-10T20:30:00,IMPS,DEBIT,2846.94,INR,POS,Salary Credit,SUCCESS,REF89995
T0000214,A00045,2025-04-30T12:08:00,IMPS,DEBIT,2103.57,INR,ATM,Salary Credit,FAILED,REF38474
T0000215,A00018,2025-03-05T02:58:00,UPI,DEBIT,800.1,USD,Branch,ATM Cash,SUCCESS,REF28327
T0000216,A00083,2025-06-30T10:22:00,NEFT,DEBIT,2342.49,INR,POS,Salary Credit,REVERSED,REF89638
T0000217,A00089,2025-07-27T11:21:00,CASH,DEBIT,506.32,INR,Internet,Salary Credit,REVERSED,REF76784
T0000218,A00051,2025-05-18T08:50:00,RTGS,CREDIT,865.39,INR,Internet,ATM Cash,FAILED,REF24777
T0000219,A00082,2025-06-25T13:12:00,IMPS,DEBIT,674.95,INR,Branch,Online Retail,SUCCESS,REF60703
T0000220,A00070,2025-11-03T11:07:00,NEFT,DEBIT,1190.2,USD,Mobile,Grocery Mart,REVERSED,REF18851
T0000221,A00028,2025-01-11T01:03:00,NEFT,DEBIT,11099.54,INR,ATM,Salary Credit,SUCCESS,REF92388
T0000222,A00054,2025-12-31T20:27:00,CASH,CREDIT,169.48,USD,Mobile,,REVERSED,REF80471
T0000223,A00011,2025-04-22T04:17:00,NEFT,CREDIT,2178.21,INR,POS,Utility Co,SUCCESS,REF80305
T0000224,A00076,2025-08-26T22:22:00,IMPS,DEBIT,218.61,INR,ATM,,SUCCESS,REF17589
T0000225,A00056,2025-06-28T00:35:00,UPI,DEBIT,684.08,USD,POS,Salary Credit,SUCCESS,REF50539
T0000226,A00002,2025-05-08T21:38:00,UPI,DEBIT,3258.27,INR,Internet,ATM Cash,SUCCESS,REF78551
T0000227,A00048,2025-07-08T18:40:00,ATM,DEBIT,1169.44,INR,Mobile,Grocery Mart,SUCCESS,REF66272
T0000228,A00009,2025-07-18T01:12:00,POS,CREDIT,373.25,INR,ATM,ATM Cash,REVERSED,REF57202
T0000229,A00073,2025-02-10T08:52:00,IMPS,DEBIT,536.3,INR,Internet,Online Retail,SUCCESS,REF85223
T0000230,A00066,2025-03-25T23:36:00,ATM,DEBIT,2163.75,INR,Mobile,Utility Co,SUCCESS,REF71835
T0000231,A00020,2025-09-23T00:57:00,IMPS,DEBIT,528.28,INR,POS,,FAILED,REF39427
T0000232,A00054,2025-08-23T07:53:00,ATM,CREDIT,1361.66,INR,Mobile,Salary Credit,SUCCESS,REF25650
T0000233,A00029,2025-02-08T08:30:00,ATM,DEBIT,1147.76,USD,Mobile,ATM Cash,SUCCESS,REF50723
T0000234,A00071,2025-08-27T07:59:00,UPI,CREDIT,571.58,INR,Branch,Utility Co,SUCCESS,REF83899
T0000235,A00080,2025-08-10T07:12:00,RTGS,DEBIT,9357.6,USD,Branch,Salary Credit,FAILED,REF35614
T0000236,A00001,2025-06-28T11:54:00,ATM,CREDIT,2067.14,INR,Internet,Salary Credit,SUCCESS,REF93354
T0000237,A00001,2025-01-07T23:40:00,NEFT,CREDIT,144.73,INR,Mobile,Utility Co,REVERSED,REF41217
T0000238,A00008,2025-11-02T16:48:00,IMPS,DEBIT,1321.41,INR,Mobile,Grocery Mart,SUCCESS,REF78125
T0000239,A00048,2025-10-28T18:41:00,RTGS,CREDIT,565.78,INR,POS,Grocery Mart,REVERSED,REF27499
T0000240,A00076,2025-10-15T03:47:00,UPI,DEBIT,2571.99,USD,Internet,Utility Co,SUCCESS,REF44208
T0000241,A00051,2025-08-18T09:10:00,CASH,CREDIT,496.45,INR,ATM,Online Retail,SUCCESS,REF19789
T0000242,A00075,2025-05-28T14:39:00,ATM,DEBIT,977.76,INR,Mobile,Utility Co,FAILED,REF71086
T0000243,A00016,2025-08-17T16:07:00,IMPS,CREDIT,1817.08,INR,ATM,Online Retail,FAILED,REF44735
T0000244,A00021,2025-03-29T07:38:00,UPI,CREDIT,2606.48,INR,Internet,Online Retail,SUCCESS,REF21955
T0000245,A00051,2025-06-30T17:56:00,NEFT,DEBIT,330.2,INR,Branch,Utility Co,SUCCESS,REF63004
T0000246,A00071,2025-11-26T06:47:00,POS,DEBIT,784.85,INR,ATM,Grocery Mart,SUCCESS,REF25919
T0000247,A00029,2025-01-09T16:57:00,UPI,DEBIT,682.02,INR,ATM,Online Retail,SUCCESS,REF86326
T0000248,A00010,2025-07-08T11:13:00,CASH,DEBIT,570.59,INR,Internet,,FAILED,REF26880
T0000249,A00043,2025-03-08T23:26:00,CASH,DEBIT,6408.97,INR,ATM,Grocery Mart,SUCCESS,REF85220
T0000250,A00051,2025-11-12T09:57:00,CASH,CREDIT,1644.15,INR,ATM,,FAILED,REF32650
T0000251,A00024,2025-09-15T17:36:00,ATM,CREDIT,310.79,INR,ATM,Utility Co,SUCCESS,REF90492
T0000252,A00038,2025-06-28T23:24:00,RTGS,CREDIT,2745.89,USD,POS,ATM Cash,SUCCESS,REF21497
T0000253,A00018,2025-07-23T17:26:00,IMPS,CREDIT,9155.92,INR,POS,Utility Co,REVERSED,REF12559
T0000254,A00046,2025-10-06T12:38:00,CASH,CREDIT,3079.32,USD,Branch,Salary Credit,REVERSED,REF52153
T0000255,A00024,2025-10-10T19:27:00,NEFT,DEBIT,240.0,INR,POS,Utility Co,SUCCESS,REF46822
T0000256,A00061,2025-02-12T15:57:00,CASH,CREDIT,675.71,INR,Internet,Grocery Mart,SUCCESS,REF96096
T0000257,A00069,2025-06-25T14:27:00,NEFT,DEBIT,3892.91,INR,POS,ATM Cash,SUCCESS,REF32768
T0000258,A00076,2025-05-09T05:34:00,ATM,CREDIT,540.41,INR,POS,Grocery Mart,SUCCESS,REF84403
T0000259,A00025,2025-04-14T11:25:00,POS,CREDIT,1709.27,INR,Internet,ATM Cash,SUCCESS,REF21830
T0000260,A00078,2025-02-10T21:36:00,ATM,DEBIT,2379.47,INR,POS,ATM Cash,SUCCESS,REF53481
T0000261,A00017,2025-05-27T16:50:00,CASH,CREDIT,434.01,INR,Branch,Grocery Mart,SUCCESS,REF29360
T0000262,A00015,2025-04-14T03:33:00,CASH,CREDIT,1033.26,INR,Branch,,FAILED,REF86810
T0000263,A00039,2025-03-15T13:39:00,NEFT,CREDIT,42.89,INR,Internet,,FAILED,REF93789
T0000264,A00041,2025-12-21T18:26:00,RTGS,DEBIT,393.71,INR,Internet,,REVERSED,REF32983
T0000265,A00089,2025-10-03T12:44:00,NEFT,CREDIT,851.87,INR,Internet,,SUCCESS,REF85082
T0000266,A00073,2025-10-13T03:43:00,CASH,DEBIT,314.89,INR,POS,Online Retail,REVERSED,REF38953
T0000267,A00019,2025-03-17T19:27:00,IMPS,CREDIT,5610.59,INR,Internet,Online Retail,SUCCESS,REF32005
T0000268,A00086,2025-03-06T14:35:00,CASH,CREDIT,262.4,USD,Mobile,Online Retail,SUCCESS,REF42707
T0000269,A00033,2025-02-19T08:47:00,NEFT,DEBIT,706.24,INR,Mobile,ATM Cash,FAILED,REF65004
T0000270,A00064,2025-05-02T02:58:00,IMPS,CREDIT,1249.8,INR,POS,ATM Cash,SUCCESS,REF72847
T0000271,A00058,2025-06-14T06:20:00,ATM,DEBIT,4634.45,INR,Branch,Grocery Mart,SUCCESS,REF44226
T0000272,A00044,2025-03-18T06:12:00,UPI,DEBIT,260.9,USD,Internet,,SUCCESS,REF81702
T0000273,A00077,2025-03-09T19:07:00,NEFT,CREDIT,3509.27,INR,ATM,,SUCCESS,REF89602
T0000274,A00007,2025-11-13T04:12:00,ATM,DEBIT,1107.91,INR,Internet,Utility Co,FAILED,REF82628
T0000275,A00037,2025-07-13T03:50:00,RTGS,CREDIT,410.96,INR,Mobile,Grocery Mart,FAILED,REF84943
T0000276,A00007,2025-12-24T11:56:00,ATM,CREDIT,1740.81,INR,ATM,Grocery Mart,SUCCESS,REF96772
T0000277,A00013,2025-12-16T18:20:00,ATM,DEBIT,1338.17,INR,Internet,,SUCCESS,REF20739
T0000278,A00015,2025-12-11T20:14:00,CASH,CREDIT,601.71,USD,ATM,ATM Cash,SUCCESS,REF21945
T0000279,A00048,2025-10-10T04:31:00,ATM,CREDIT,1175.92,INR,Internet,ATM Cash,SUCCESS,REF44510
T0000280,A00034,2025-11-17T05:01:00,IMPS,DEBIT,745.97,INR,POS,Grocery Mart,SUCCESS,REF97486
T0000281,A00086,2025-03-12T10:00:00,UPI,CREDIT,1228.46,USD,POS,Utility Co,REVERSED,REF17993
T0000282,A00067,2025-10-09T21:10:00,CASH,CREDIT,2126.28,USD,POS,Utility Co,FAILED,REF49171
T0000283,A00005,2025-02-27T11:50:00,IMPS,DEBIT,5356.24,INR,ATM,Utility Co,SUCCESS,REF37772
T0000284,A00006,2025-05-21T08:07:00,ATM,CREDIT,318.04,INR,ATM,Utility Co,SUCCESS,REF87994
T0000285,A00009,2025-07-07T18:53:00,NEFT,DEBIT,9256.06,USD,POS,ATM Cash,REVERSED,REF52746
T0000286,A00059,2025-07-21T02:57:00,POS,DEBIT,155.7,USD,Mobile,ATM Cash,SUCCESS,REF29424
T0000287,A00073,2025-03-14T23:11:00,UPI,DEBIT,942.2,INR,POS,Online Retail,FAILED,REF44620
T0000288,A00063,2025-10-06T22:10:00,RTGS,CREDIT,1974.99,INR,Internet,Online Retail,FAILED,REF28855
T0000289,A00051,2025-10-20T12:33:00,UPI,CREDIT,1452.43,INR,Mobile,,FAILED,REF45203
T0000290,A00044,2025-09-29T04:52:00,UPI,CREDIT,588.34,INR,Branch,ATM Cash,SUCCESS,REF39878
T0000291,A00057,2025-04-08T20:33:00,NEFT,CREDIT,890.58,INR,ATM,Salary Credit,SUCCESS,REF34633
T0000292,A00053,2025-11-18T15:33:00,ATM,CREDIT,669.81,INR,Mobile,Salary Credit,SUCCESS,REF18600
T0000293,A00065,2025-08-15T13:16:00,RTGS,CREDIT,608.28,INR,POS,Salary Credit,SUCCESS,REF32772
T0000294,A00026,2025-05-21T08:47:00,CASH,DEBIT,2564.71,INR,Mobile,ATM Cash,SUCCESS,REF57235
T0000295,A00048,2025-05-25T23:41:00,NEFT,CREDIT,1567.15,USD,Mobile,,SUCCESS,REF41711
T0000296,A00077,2025-09-29T05:19:00,IMPS,CREDIT,548.45,INR,ATM,Salary Credit,REVERSED,REF55843
T0000297,A00034,2025-09-08T16:11:00,ATM,DEBIT,2696.2,INR,Mobile,ATM Cash,SUCCESS,REF31352
T0000298,A00029,2025-06-06T01:29:00,CASH,DEBIT,1491.14,INR,Branch,,FAILED,REF77276
T0000299,A00088,2025-01-15T14:26:00,CASH,DEBIT,2472.2,USD,Internet,,SUCCESS,REF88792
T0000300,A00033,2025-01-07T03:54:00,ATM,CREDIT,2058.29,INR,ATM,ATM Cash,SUCCESS,REF70161
T0000301,A00060,2025-07-03T11:59:00,ATM,CREDIT,478.67,USD,POS,Grocery Mart,SUCCESS,REF77045
T0000302,A00083,2025-09-30T12:08:00,POS,CREDIT,626.29,INR,Mobile,ATM Cash,SUCCESS,REF54077
T0000303,A00042,2025-07-21T07:53:00,RTGS,CREDIT,2315.3,INR,Branch,Utility Co,SUCCESS,REF77802
T0000304,A00077,2025-06-24T23:34:00,UPI,CREDIT,2019.03,INR,Internet,,SUCCESS,REF95904
T0000305,A00034,2025-12-29T04:13:00,NEFT,CREDIT,1073.95,USD,ATM,,SUCCESS,REF86418
T0000306,A00029,2025-05-19T07:00:00,NEFT,CREDIT,1233.15,INR,POS,Online Retail,SUCCESS,REF96194
T0000307,A00013,2025-05-12T21:34:00,NEFT,CREDIT,3935.0,INR,Branch,,REVERSED,REF33995
T0000308,A00012,2025-09-02T09:36:00,RTGS,DEBIT,606.94,INR,Internet,,SUCCESS,REF65112
T0000309,A00034,2025-08-30T06:11:00,NEFT,CREDIT,1895.23,USD,Mobile,ATM Cash,SUCCESS,REF93151
T0000310,A00025,2025-02-21T20:35:00,IMPS,DEBIT,895.88,USD,POS,Online Retail,FAILED,REF17086
T0000311,A00026,2025-04-20T19:02:00,ATM,CREDIT,882.11,USD,POS,ATM Cash,SUCCESS,REF51469
T0000312,A00011,2025-05-12T07:57:00,CASH,CREDIT,3290.44,INR,Internet,Online Retail,SUCCESS,REF10617
T0000313,A00027,2025-11-26T04:12:00,NEFT,DEBIT,2503.43,INR,ATM,Grocery Mart,SUCCESS,REF90541
T0000314,A00055,2025-11-12T19:39:00,RTGS,CREDIT,2473.8,USD,ATM,ATM Cash,SUCCESS,REF14944
T0000315,A00048,2025-05-26T05:00:00,RTGS,DEBIT,4045.98,INR,POS,Utility Co,SUCCESS,REF98702
T0000316,A00032,2025-01-04T00:04:00,RTGS,DEBIT,1119.91,INR,Branch,Utility Co,SUCCESS,REF60272
T0000317,A00009,2025-08-11T21:44:00,ATM,DEBIT,2168.85,INR,Branch,ATM Cash,REVERSED,REF88167
T0000318,A00088,2025-09-04T00:05:00,IMPS,DEBIT,804.11,INR,ATM,Online Retail,SUCCESS,REF31611
T0000319,A00030,2025-10-21T17:46:00,UPI,DEBIT,1516.51,INR,Internet,,SUCCESS,REF87292
T0000320,A00047,2025-05-04T01:13:00,UPI,DEBIT,962.81,USD,Branch,Salary Credit,REVERSED,REF16368
T0000321,A00014,2025-02-04T22:10:00,RTGS,DEBIT,1208.33,INR,Mobile,ATM Cash,FAILED,REF59840
T0000322,A00033,2025-03-31T23:58:00,POS,CREDIT,1988.54,INR,Internet,,SUCCESS,REF49467
T0000323,A00013,2025-11-03T11:15:00,RTGS,CREDIT,483.85,INR,ATM,Grocery Mart,REVERSED,REF90962
T0000324,A00015,2025-03-27T17:33:00,NEFT,DEBIT,8887.38,USD,Internet,Salary Credit,SUCCESS,REF44471
T0000325,A00053,2025-05-27T20:29:00,NEFT,CREDIT,401.01,INR,Mobile,Salary Credit,FAILED,REF37222
T0000326,A00031,2025-12-17T00:12:00,NEFT,DEBIT,325.65,INR,Mobile,Grocery Mart,REVERSED,REF97690
T0000327,A00012,2025-12-26T19:05:00,ATM,DEBIT,3491.58,INR,Branch,,SUCCESS,REF69867
T0000328,A00060,2025-08-04T13:21:00,NEFT,DEBIT,2420.34,INR,Internet,Grocery Mart,SUCCESS,REF57214
T0000329,A00015,2025-08-16T16:57:00,IMPS,DEBIT,2046.98,INR,Mobile,Utility Co,SUCCESS,REF53078
T0000330,A00080,2025-09-18T08:14:00,IMPS,CREDIT,2055.65,INR,Branch,Online Retail,SUCCESS,REF24920
T0000331,A00059,2025-10-19T20:05:00,IMPS,CREDIT,1083.28,USD,ATM,ATM Cash,SUCCESS,REF24818
T0000332,A00008,2025-04-07T11:48:00,RTGS,DEBIT,447.08,INR,ATM,Salary Credit,FAILED,REF84572
T0000333,A00079,2025-11-16T01:27:00,ATM,CREDIT,1182.99,INR,POS,Grocery Mart,SUCCESS,REF73318
T0000334,A00053,2025-12-22T10:33:00,UPI,CREDIT,557.15,INR,Mobile,Online Retail,SUCCESS,REF11620
T0000335,A00044,2025-06-13T02:25:00,RTGS,DEBIT,2907.71,USD,Internet,ATM Cash,SUCCESS,REF96993
T0000336,A00072,2025-10-08T06:12:00,ATM,DEBIT,946.66,INR,Internet,Salary Credit,FAILED,REF74990
T0000337,A00063,2025-05-01T10:38:00,UPI,CREDIT,480.34,INR,Branch,Online Retail,SUCCESS,REF76444
T0000338,A00083,2025-06-12T04:04:00,POS,CREDIT,795.22,USD,Internet,Grocery Mart,FAILED,REF68220
T0000339,A00064,2025-11-23T07:05:00,UPI,CREDIT,1657.28,INR,Mobile,ATM Cash,SUCCESS,REF23453
T0000340,A00005,2025-10-21T18:37:00,IMPS,DEBIT,624.08,INR,POS,Salary Credit,SUCCESS,REF76628
T0000341,A00086,2025-05-31T14:59:00,RTGS,CREDIT,481.92,INR,Branch,Grocery Mart,SUCCESS,REF69566
T0000342,A00080,2025-08-30T17:38:00,POS,CREDIT,1399.24,INR,ATM,Grocery Mart,SUCCESS,REF96364
T0000343,A00044,2025-06-11T11:18:00,UPI,CREDIT,1401.04,INR,POS,Salary Credit,SUCCESS,REF23935
T0000344,A00064,2025-02-03T08:01:00,ATM,DEBIT,660.54,USD,Mobile,Online Retail,REVERSED,REF35679
T0000345,A00051,2025-05-17T13:33:00,UPI,DEBIT,684.69,USD,Internet,,SUCCESS,REF24125
T0000346,A00082,2025-10-29T19:23:00,UPI,DEBIT,1383.05,USD,ATM,,REVERSED,REF76086
T0000347,A00001,2025-04-09T00:56:00,IMPS,DEBIT,257.73,USD,POS,ATM Cash,REVERSED,REF33226
T0000348,A00017,2025-05-07T10:45:00,RTGS,DEBIT,268.42,USD,POS,Salary Credit,SUCCESS,REF76074
T0000349,A00078,2025-10-08T02:28:00,IMPS,DEBIT,534.62,INR,ATM,Online Retail,SUCCESS,REF69355
T0000350,A00053,2025-04-08T02:50:00,ATM,CREDIT,885.85,INR,POS,,SUCCESS,REF36330
T0000351,A00038,2025-06-02T16:59:00,POS,CREDIT,1496.53,INR,Internet,Salary Credit,REVERSED,REF93476
T0000352,A00015,2025-08-23T18:01:00,RTGS,CREDIT,4795.13,USD,POS,Salary Credit,FAILED,REF98374
T0000353,A00055,2025-07-28T04:57:00,CASH,DEBIT,2585.46,INR,Mobile,ATM Cash,SUCCESS,REF16955
T0000354,A00035,2025-02-11T05:14:00,ATM,DEBIT,934.55,INR,Branch,Utility Co,SUCCESS,REF48684
T0000355,A00070,2025-05-29T13:10:00,CASH,DEBIT,1075.98,INR,ATM,Grocery Mart,REVERSED,REF98542
T0000356,A00083,2025-06-13T08:03:00,RTGS,CREDIT,402.41,INR,POS,,SUCCESS,REF97096
T0000357,A00050,2025-02-04T05:01:00,IMPS,CREDIT,1076.52,INR,POS,Grocery Mart,SUCCESS,REF42943
T0000358,A00057,2025-05-28T21:12:00,POS,DEBIT,821.67,INR,POS,Salary Credit,REVERSED,REF35751
T0000359,A00058,2025-05-21T21:37:00,NEFT,DEBIT,1514.32,INR,Internet,Utility Co,REVERSED,REF25643
T0000360,A00055,2025-10-02T16:01:00,UPI,CREDIT,479.51,INR,Internet,Utility Co,REVERSED,REF43425
T0000361,A00060,2025-01-05T02:39:00,NEFT,DEBIT,1843.36,INR,Internet,Online Retail,REVERSED,REF16665
T0000362,A00074,2025-08-08T07:03:00,IMPS,CREDIT,5078.34,INR,Branch,Salary Credit,SUCCESS,REF34100
T0000363,A00065,2025-02-19T15:28:00,CASH,DEBIT,983.62,USD,POS,Salary Credit,FAILED,REF22051
T0000364,A00028,2025-09-12T10:15:00,ATM,CREDIT,1638.79,INR,Branch,Online Retail,SUCCESS,REF91039
T0000365,A00084,2025-12-12T18:43:00,POS,DEBIT,2186.69,INR,Branch,ATM Cash,SUCCESS,REF94182
T0000366,A00088,2025-06-27T13:11:00,UPI,CREDIT,734.2,USD,Mobile,ATM Cash,SUCCESS,REF80809
T0000367,A00067,2025-07-25T22:47:00,UPI,CREDIT,1372.09,USD,ATM,Grocery Mart,SUCCESS,REF95397
T0000368,A00066,2025-05-21T04:23:00,NEFT,DEBIT,1110.53,INR,Internet,Salary Credit,REVERSED,REF10960
T0000369,A00086,2025-02-17T16:12:00,ATM,DEBIT,1209.15,USD,Mobile,Utility Co,REVERSED,REF67047
T0000370,A00088,2025-02-22T12:23:00,RTGS,DEBIT,506.23,INR,ATM,,SUCCESS,REF14965
T0000371,A00007,2025-03-05T17:32:00,UPI,DEBIT,1123.84,INR,POS,Grocery Mart,REVERSED,REF39837
T0000372,A00050,2025-07-08T08:12:00,IMPS,CREDIT,1804.43,USD,ATM,Online Retail,SUCCESS,REF61052
T0000373,A00001,2025-03-28T03:32:00,POS,DEBIT,4680.42,INR,Mobile,Online Retail,REVERSED,REF23911
T0000374,A00088,2025-07-31T01:15:00,CASH,CREDIT,2861.99,INR,Branch,ATM Cash,FAILED,REF61788
T0000375,A00021,2025-01-23T10:36:00,IMPS,DEBIT,9444.45,INR,ATM,Salary Credit,SUCCESS,REF93105
T0000376,A00087,2025-04-15T21:54:00,NEFT,CREDIT,509.1,INR,POS,Salary Credit,SUCCESS,REF26152
T0000377,A00074,2025-01-31T10:02:00,UPI,CREDIT,2623.65,INR,Branch,Utility Co,SUCCESS,REF37752
T0000378,A00066,2025-10-28T11:39:00,RTGS,DEBIT,1317.3,INR,Internet,Utility Co,REVERSED,REF43127
T0000379,A00024,2025-05-22T12:05:00,UPI,DEBIT,9796.72,USD,POS,Grocery Mart,SUCCESS,REF98039
T0000380,A00013,2025-02-19T01:14:00,NEFT,DEBIT,488.68,USD,Branch,Online Retail,SUCCESS,REF97988
T0000381,A00037,2025-06-20T18:45:00,UPI,DEBIT,473.56,INR,Branch,ATM Cash,FAILED,REF53036
T0000382,A00075,2025-08-11T14:03:00,RTGS,DEBIT,602.21,INR,Branch,ATM Cash,SUCCESS,REF10633
T0000383,A00029,2025-08-17T01:49:00,ATM,CREDIT,131.12,INR,Branch,Utility Co,SUCCESS,REF72908
T0000384,A00046,2025-12-04T00:51:00,IMPS,CREDIT,648.23,USD,POS,Grocery Mart,SUCCESS,REF94613
T0000385,A00036,2025-03-01T16:35:00,CASH,DEBIT,513.3,INR,Branch,,SUCCESS,REF19882
T0000386,A00065,2025-01-14T13:35:00,CASH,DEBIT,1274.61,USD,POS,Utility Co,SUCCESS,REF82298
T0000387,A00070,2025-07-09T18:36:00,POS,CREDIT,1543.42,INR,Branch,ATM Cash,SUCCESS,REF87280
T0000388,A00060,2025-07-31T21:34:00,ATM,DEBIT,7159.32,USD,Branch,Salary Credit,SUCCESS,REF96858
T0000389,A00079,2025-06-23T22:44:00,CASH,DEBIT,2836.78,INR,ATM,Utility Co,SUCCESS,REF84233
T0000390,A00062,2025-04-17T11:00:00,RTGS,CREDIT,615.91,INR,Internet,ATM Cash,SUCCESS,REF18239
T0000391,A00030,2025-07-12T11:58:00,NEFT,DEBIT,446.57,INR,POS,Online Retail,FAILED,REF71561
T0000392,A00006,2025-11-28T01:28:00,UPI,CREDIT,1793.49,INR,POS,,SUCCESS,REF44513
T0000393,A00084,2025-05-07T14:14:00,IMPS,CREDIT,292.88,INR,POS,,SUCCESS,REF77720
T0000394,A00029,2025-07-03T04:47:00,IMPS,CREDIT,6846.27,INR,Branch,ATM Cash,FAILED,REF89195
T0000395,A00018,2025-01-05T19:18:00,POS,CREDIT,3566.86,INR,Internet,Grocery Mart,REVERSED,REF94341
T0000396,A00020,2025-07-24T11:30:00,ATM,DEBIT,685.96,INR,Branch,Salary Credit,SUCCESS,REF96652
T0000397,A00043,2025-06-17T17:35:00,IMPS,DEBIT,197.72,USD,ATM,ATM Cash,SUCCESS,REF87436
T0000398,A00053,2025-04-28T09:58:00,RTGS,DEBIT,4246.59,INR,Mobile,Utility Co,REVERSED,REF87640
T0000399,A00081,2025-04-28T07:56:00,ATM,DEBIT,977.95,INR,Mobile,Utility Co,SUCCESS,REF33597
T0000400,A00073,2025-10-23T05:51:00,POS,DEBIT,3781.27,INR,Mobile,Utility Co,FAILED,REF89498
T0000401,A00062,2025-12-10T06:32:00,CASH,DEBIT,222.64,INR,ATM,Salary Credit,SUCCESS,REF86368
T0000402,A00085,2025-05-13T10:39:00,POS,CREDIT,602.22,INR,Branch,ATM Cash,REVERSED,REF87410
T0000403,A00049,2025-02-20T03:07:00,ATM,CREDIT,1102.4,INR,Mobile,Grocery Mart,SUCCESS,REF78512
T0000404,A00020,2025-11-02T16:26:00,CASH,DEBIT,1149.38,INR,ATM,Salary Credit,REVERSED,REF15116
T0000405,A00062,2025-03-27T13:44:00,UPI,DEBIT,699.2,INR,ATM,Salary Credit,FAILED,REF58546
T0000406,A00068,2025-02-01T15:08:00,RTGS,CREDIT,2044.38,INR,ATM,ATM Cash,SUCCESS,REF87207
T0000407,A00018,2025-03-13T03:43:00,IMPS,CREDIT,377.05,USD,Internet,Grocery Mart,SUCCESS,REF88419
T0000408,A00025,2025-10-25T13:37:00,NEFT,DEBIT,951.1,INR,POS,Salary Credit,SUCCESS,REF78126
T0000409,A00084,2025-01-06T05:43:00,IMPS,DEBIT,1236.82,INR,ATM,Online Retail,SUCCESS,REF30287
T0000410,A00075,2025-11-07T06:08:00,RTGS,CREDIT,1834.34,INR,POS,ATM Cash,REVERSED,REF57925
T0000411,A00051,2025-07-20T15:46:00,RTGS,DEBIT,2234.15,USD,POS,Salary Credit,FAILED,REF33425
T0000412,A00072,2025-09-27T13:56:00,POS,CREDIT,356.15,INR,Branch,Salary Credit,SUCCESS,REF62183
T0000413,A00085,2025-04-11T12:55:00,CASH,DEBIT,236.49,INR,ATM,,SUCCESS,REF23143
T0000414,A00052,2025-06-06T03:55:00,POS,CREDIT,3935.04,INR,Internet,ATM Cash,SUCCESS,REF21939
T0000415,A00077,2025-04-16T19:47:00,IMPS,CREDIT,1528.92,INR,Mobile,Online Retail,SUCCESS,REF58606
T0000416,A00005,2025-02-28T06:47:00,POS,CREDIT,518.8,USD,POS,,REVERSED,REF47548
T0000417,A00023,2025-02-11T20:14:00,CASH,CREDIT,5172.71,USD,Mobile,Utility Co,REVERSED,REF47487
T0000418,A00077,2025-05-22T19:26:00,UPI,DEBIT,1231.11,INR,Mobile,Online Retail,SUCCESS,REF95854
T0000419,A00012,2025-01-01T05:01:00,ATM,CREDIT,3566.35,USD,Branch,,FAILED,REF63143
T0000420,A00002,2025-05-26T20:40:00,POS,DEBIT,1173.23,INR,POS,Online Retail,REVERSED,REF86406
T0000421,A00036,2025-09-11T11:24:00,NEFT,DEBIT,8610.59,INR,ATM,ATM Cash,REVERSED,REF10609
T0000422,A00053,2025-07-10T03:11:00,ATM,DEBIT,6344.48,INR,POS,Online Retail,SUCCESS,REF25336
T0000423,A00074,2025-07-07T15:31:00,POS,CREDIT,854.94,USD,ATM,Salary Credit,FAILED,REF41886
T0000424,A00059,2025-09-05T08:00:00,CASH,CREDIT,2897.41,INR,ATM,Grocery Mart,SUCCESS,REF18854
T0000425,A00029,2025-10-06T15:41:00,RTGS,DEBIT,2090.95,INR,ATM,Online Retail,REVERSED,REF80208
T0000426,A00034,2025-01-08T01:55:00,RTGS,DEBIT,4309.73,INR,Mobile,ATM Cash,SUCCESS,REF19965
T0000427,A00041,2025-05-10T23:15:00,IMPS,CREDIT,417.83,INR,POS,Online Retail,SUCCESS,REF99536
T0000428,A00026,2025-05-19T11:25:00,IMPS,DEBIT,2177.76,INR,Branch,Utility Co,SUCCESS,REF36577
T0000429,A00080,2025-07-01T19:44:00,CASH,CREDIT,3160.31,INR,Mobile,Grocery Mart,SUCCESS,REF98580
T0000430,A00001,2025-12-25T17:56:00,POS,DEBIT,188.91,USD,Branch,Salary Credit,SUCCESS,REF74532
T0000431,A00024,2025-07-20T01:18:00,IMPS,CREDIT,335.88,USD,Internet,Salary Credit,SUCCESS,REF17097
T0000432,A00070,2025-11-05T03:32:00,IMPS,DEBIT,142.7,INR,ATM,,SUCCESS,REF69925
T0000433,A00067,2025-03-29T15:35:00,RTGS,CREDIT,837.64,INR,Mobile,Grocery Mart,SUCCESS,REF59732
T0000434,A00047,2025-03-15T08:41:00,NEFT,CREDIT,2247.43,INR,POS,Online Retail,SUCCESS,REF45311
T0000435,A00044,2025-12-10T05:21:00,POS,CREDIT,4926.37,INR,ATM,ATM Cash,SUCCESS,REF64931
T0000436,A00052,2025-09-29T02:34:00,NEFT,CREDIT,1180.97,USD,Internet,Salary Credit,SUCCESS,REF85483
T0000437,A00013,2025-06-16T10:29:00,CASH,CREDIT,5589.33,INR,POS,ATM Cash,FAILED,REF35698
T0000438,A00020,2025-04-17T04:48:00,CASH,CREDIT,275.86,INR,Internet,ATM Cash,FAILED,REF27625
T0000439,A00063,2025-08-18T21:44:00,CASH,CREDIT,199.66,INR,POS,Salary Credit,SUCCESS,REF62219
T0000440,A00021,2025-03-14T01:42:00,RTGS,DEBIT,1037.38,INR,Branch,ATM Cash,SUCCESS,REF68963
T0000441,A00047,2025-09-01T16:32:00,NEFT,CREDIT,1610.12,INR,Branch,Grocery Mart,FAILED,REF25890
T0000442,A00087,2025-09-13T15:45:00,CASH,DEBIT,1061.36,INR,Branch,Online Retail,SUCCESS,REF98236
T0000443,A00058,2025-12-21T23:34:00,CASH,DEBIT,138.73,USD,POS,Online Retail,FAILED,REF92799
T0000444,A00022,2025-04-16T11:24:00,CASH,CREDIT,1003.13,USD,POS,Salary Credit,FAILED,REF19351
T0000445,A00044,2025-02-27T14:34:00,ATM,DEBIT,297.53,INR,Branch,,SUCCESS,REF45058
T0000446,A00057,2025-10-15T23:04:00,NEFT,CREDIT,2142.38,USD,ATM,Utility Co,SUCCESS,REF13027
T0000447,A00031,2025-04-02T01:13:00,RTGS,CREDIT,1582.24,INR,Internet,Utility Co,FAILED,REF23501
T0000448,A00061,2025-03-11T13:55:00,UPI,DEBIT,428.43,INR,ATM,Salary Credit,SUCCESS,REF23622
T0000449,A00020,2025-07-11T02:41:00,POS,DEBIT,655.98,USD,Branch,Utility Co,SUCCESS,REF47247
T0000450,A00017,2025-11-19T16:47:00,RTGS,DEBIT,380.23,INR,Mobile,Grocery Mart,SUCCESS,REF52624
T0000451,A00070,2025-12-13T17:24:00,IMPS,CREDIT,1030.01,USD,Internet,,REVERSED,REF33204
T0000452,A00082,2025-11-29T10:40:00,RTGS,CREDIT,2850.19,INR,Branch,ATM Cash,REVERSED,REF39770
T0000453,A00040,2025-03-07T05:04:00,IMPS,CREDIT,409.23,USD,Branch,Utility Co,SUCCESS,REF11383
T0000454,A00018,2025-01-01T01:36:00,POS,CREDIT,1815.37,INR,ATM,Salary Credit,SUCCESS,REF74478
T0000455,A00002,2025-12-14T09:21:00,NEFT,CREDIT,645.32,INR,POS,Utility Co,SUCCESS,REF81855
T0000456,A00053,2025-09-30T01:54:00,ATM,CREDIT,496.27,USD,Internet,Utility Co,FAILED,REF59592
T0000457,A00011,2025-06-10T15:07:00,NEFT,CREDIT,985.32,INR,POS,Salary Credit,SUCCESS,REF47313
T0000458,A00025,2025-07-15T18:00:00,IMPS,DEBIT,389.46,INR,Internet,Online Retail,SUCCESS,REF93478
T0000459,A00058,2025-11-28T13:41:00,POS,CREDIT,630.4,USD,Internet,Online Retail,SUCCESS,REF29942
T0000460,A00003,2025-02-06T03:22:00,POS,DEBIT,331.0,INR,Branch,Online Retail,SUCCESS,REF67464
T0000461,A00012,2025-01-06T23:22:00,ATM,DEBIT,7822.23,INR,ATM,Utility Co,SUCCESS,REF65082
T0000462,A00064,2025-08-15T21:11:00,CASH,CREDIT,1135.99,USD,Mobile,Online Retail,SUCCESS,REF29148
T0000463,A00051,2025-02-10T19:20:00,NEFT,DEBIT,544.72,USD,Internet,Utility Co,SUCCESS,REF60014
T0000464,A00032,2025-01-10T04:28:00,UPI,CREDIT,1358.29,USD,Internet,,SUCCESS,REF36106
T0000465,A00013,2025-12-02T13:40:00,RTGS,DEBIT,980.12,USD,ATM,,SUCCESS,REF52344
T0000466,A00006,2025-04-26T11:56:00,RTGS,DEBIT,879.22,INR,ATM,,SUCCESS,REF36047
T0000467,A00086,2025-09-20T10:54:00,UPI,DEBIT,2026.71,INR,Internet,,FAILED,REF52534
T0000468,A00036,2025-01-11T23:19:00,ATM,DEBIT,2339.07,USD,Internet,Grocery Mart,SUCCESS,REF86162
T0000469,A00077,2025-12-13T01:57:00,RTGS,DEBIT,645.16,INR,Mobile,Utility Co,SUCCESS,REF75525
T0000470,A00080,2025-03-08T13:21:00,RTGS,CREDIT,616.58,INR,Mobile,Online Retail,SUCCESS,REF80300
T0000471,A00063,2025-03-20T04:48:00,ATM,DEBIT,832.93,INR,POS,,SUCCESS,REF67503
T0000472,A00089,2025-05-21T12:18:00,UPI,CREDIT,109.74,INR,Internet,Online Retail,SUCCESS,REF73609
T0000473,A00038,2025-11-15T13:52:00,POS,CREDIT,241.0,INR,POS,Utility Co,REVERSED,REF55569
T0000474,A00060,2025-08-24T16:43:00,RTGS,CREDIT,4302.17,INR,Mobile,Salary Credit,SUCCESS,REF68901
T0000475,A00034,2025-08-04T07:15:00,CASH,CREDIT,5681.48,USD,Mobile,,REVERSED,REF59681
T0000476,A00080,2025-05-16T02:26:00,UPI,CREDIT,854.88,INR,Branch,,SUCCESS,REF96283
T0000477,A00068,2025-10-10T03:53:00,ATM,CREDIT,1951.9,INR,POS,Online Retail,SUCCESS,REF63713
T0000478,A00013,2025-08-23T11:46:00,UPI,DEBIT,1497.05,INR,Internet,Utility Co,SUCCESS,REF36486
T0000479,A00025,2025-03-19T22:55:00,IMPS,DEBIT,23834.3,INR,POS,,FAILED,REF96235
T0000480,A00080,2025-12-23T17:47:00,POS,CREDIT,3359.59,INR,Branch,Utility Co,REVERSED,REF19289
T0000481,A00084,2025-01-10T12:41:00,ATM,CREDIT,964.96,INR,ATM,,SUCCESS,REF57307
T0000482,A00048,2025-10-30T21:18:00,CASH,DEBIT,421.77,INR,POS,Grocery Mart,SUCCESS,REF49833
T0000483,A00067,2025-02-26T18:01:00,ATM,DEBIT,219.98,INR,Internet,Salary Credit,FAILED,REF34832
T0000484,A00085,2025-05-21T15:00:00,POS,DEBIT,1344.08,INR,POS,,REVERSED,REF64419
T0000485,A00082,2025-03-18T19:59:00,CASH,CREDIT,514.73,USD,ATM,Grocery Mart,SUCCESS,REF33644
T0000486,A00044,2025-10-20T09:43:00,POS,DEBIT,264.47,USD,Branch,Online Retail,REVERSED,REF52553
T0000487,A00082,2025-09-28T16:16:00,IMPS,CREDIT,574.46,INR,POS,Utility Co,REVERSED,REF81516
T0000488,A00071,2025-06-05T18:39:00,IMPS,CREDIT,371.84,INR,ATM,ATM Cash,FAILED,REF10025
T0000489,A00077,2025-01-26T05:46:00,NEFT,DEBIT,5926.22,INR,Branch,Grocery Mart,SUCCESS,REF39083
T0000490,A00041,2025-06-06T10:18:00,CASH,DEBIT,2648.21,INR,POS,Salary Credit,REVERSED,REF84798
T0000491,A00005,2025-04-23T15:50:00,UPI,CREDIT,1087.92,INR,Internet,Utility Co,SUCCESS,REF58114
T0000492,A00033,2025-07-01T22:33:00,ATM,CREDIT,4817.18,INR,POS,ATM Cash,REVERSED,REF38499
T0000493,A00042,2025-02-26T05:11:00,RTGS,CREDIT,1184.85,INR,ATM,,REVERSED,REF22499
T0000494,A00074,2025-08-07T17:45:00,UPI,CREDIT,463.46,INR,Mobile,Online Retail,SUCCESS,REF66925
T0000495,A00016,2025-10-31T07:14:00,CASH,DEBIT,5029.74,INR,ATM,Grocery Mart,SUCCESS,REF78731
T0000496,A00070,2025-01-30T23:42:00,NEFT,DEBIT,1879.78,INR,POS,,SUCCESS,REF30079
T0000497,A00051,2025-02-06T18:53:00,RTGS,CREDIT,388.68,INR,Internet,ATM Cash,SUCCESS,REF61684
T0000498,A00044,2025-04-18T18:42:00,ATM,DEBIT,906.56,USD,POS,,SUCCESS,REF81847
T0000499,A00011,2025-10-18T16:22:00,NEFT,CREDIT,456.86,USD,Internet,Utility Co,FAILED,REF83308
T0000500,A00051,2025-05-25T06:11:00,IMPS,DEBIT,275.12,INR,Internet,Grocery Mart,SUCCESS,REF66369
